{
    "ND": 1.06699935890422,
    "RMSE": 1.2182390840327049,
    "test_loss": 1.0283295514206292
}