{
    "ND": 2.842478897778784,
    "RMSE": 3.1895155137718643,
    "test_loss": 1.7426054405443596
}