{
    "ND": 0.27001873043032465,
    "RMSE": 0.4133169303971902,
    "test_loss": 0.25331687927246094
}