{
    "ND": 0.9992682776191907,
    "RMSE": 1.0485571329122616,
    "test_loss": 2487428.0
}