{
    "ND": 0.9994183185238171,
    "RMSE": 1.0487001532603049,
    "test_loss": 19174730.0
}