{
    "ND": 0.12545120191645734,
    "RMSE": 0.1498937173626322,
    "test_loss": 6.936784744262695
}