{
    "ND": 0.959918855972853,
    "RMSE": 1.4876945095823861,
    "test_loss": 1890.3466796875
}