{
    "ND": 0.9543082847482187,
    "RMSE": 1.484605028657795,
    "test_loss": 1555.822509765625
}