{
    "ND": 0.06617417085072708,
    "RMSE": 0.46303164787879975,
    "test_loss": 5.24237585067749
}