{
    "ND": 0.06617417530031924,
    "RMSE": 0.4630317035227415,
    "test_loss": 5.242260932922363
}