{
    "ND": 0.07027158924478763,
    "RMSE": 0.5756910066103818,
    "test_loss": 5.220584392547607
}