{
    "ND": 0.27230333344231566,
    "RMSE": 0.4217047811944688,
    "test_loss": 0.2684384286403656
}