{
    "ND": 0.24253399680777582,
    "RMSE": 0.397805406379001,
    "test_loss": 0.28255710005760193
}