{
    "ND": 0.22247526331534936,
    "RMSE": 0.3978781553241721,
    "test_loss": -0.1723153293132782
}