{
    "ND": 0.2642004343669034,
    "RMSE": 0.3990309613846899,
    "test_loss": -0.3743938207626343
}