{
    "ND": 0.09408455422989405,
    "RMSE": 0.11563139619106143,
    "test_loss": 0.6783272624015808
}