{
    "ND": 0.10090650855232385,
    "RMSE": 0.12135582543531027,
    "test_loss": 0.6649571657180786
}